feature,importance
90d_active_months,782.5705875121845
all_recency_days,611.2297710546943
365d_recency_days,582.178925782859
180d_active_months,581.8150004275487
cat_recent_presence_Fuel,455.75506351956983
30d_line_types,424.19704500124413
30d_active_months,416.25710766820697
30d_mean_hour,381.1907381037502
90d_line_types,377.34026471683114
30d_category_level1,360.9934864949275
30d_line_sequence_mean,331.42024690424336
90d_category_level1,321.43441989854216
90d_mean_hour,308.11581399078005
180d_recency_days,275.46246034448126
30d_mean_dayofweek,265.83962988309355
30d_unit_price_mean,264.8771622401501
90d_active_days,261.66141542425135
90d_categories,255.8046752053311
180d_categories,252.6517032488907
30d_categories,252.08111989031343
180d_subcategories,240.06915945549198
90d_subcategories,230.28492291546064
365d_categories,228.72011635108046
180d_category_level1,223.9481812754175
all_categories,222.10796158390352
30d_active_days,220.20853712853526
365d_subcategories,219.29803014675383
30d_locations,219.2428992124705
90d_line_sequence_mean,215.18300710787358
all_subcategories,213.9052051043955
30d_subcategories,212.97128938217259
365d_active_months,209.21579758751713
180d_line_types,207.2590644547586
180d_active_days,204.49833106630575
90d_mean_dayofweek,198.48693609809675
180d_products,186.76448007872762
30d_basket_total_max,176.42144556006943
30d_line_sequence_max,175.4616621288158
365d_products,172.73480606819007
90d_products,172.29285494523975
90d_locations,170.77583610273047
all_products,168.15415265215682
90d_basket_total_sum,166.44502902387975
90d_quantity,165.90450733061553
90d_amount,165.79507901184544
90d_scoped_quantity,165.66797727795756
90d_scoped_amount,165.5192683946529
30d_basket_total_mean,165.14218972064916
30d_products,163.71646804239316
90d_lines,163.6338701922201
90d_qualifying_lines,163.3597582789069
365d_category_level1,161.6922254512564
90d_fuel_amount,160.6132717307862
cat_90d_amount_Fuel,160.6132717307862
90d_fuel_litres,160.5900984797098
all_active_months,159.62942297486745
90d_unit_price_mean,159.57819195553435
all_category_level1,156.11386808728506
90d_basket_total_max,150.28201050145336
30d_basket_total_median,149.60371740974506
90d_baskets,148.38357660839327
90d_qualifying_baskets,148.31238278155126
cat_recent_presence_Beverages,147.92718182162918
180d_lines,146.59110596056772
180d_qualifying_lines,145.48452276416734
month_1_amount,145.44154062061494
180d_nonfuel_baskets,144.30282162607472
90d_nonfuel_baskets,140.58140471423084
30d_qualifying_lines,139.14751305751227
month_0_amount,138.99071113248598
30d_lines,138.67877876558424
30d_basket_total_sum,137.503027582742
180d_basket_total_sum,137.40236939133058
30d_quantity,137.1371143242895
30d_scoped_quantity,136.98559836716004
30d_amount,136.89726444827346
180d_quantity,136.8375381693485
180d_amount,136.76161560349874
30d_scoped_amount,136.64299241187658
180d_scoped_quantity,136.58709498886122
180d_scoped_amount,136.41333005057226
month_1_baskets,135.9357007755513
cat_historical_presence_Beverages,134.7094968054257
cat_historical_presence_Food_and_beverage,133.76339941014345
30d_fuel_litres,132.14563253232717
180d_fuel_amount,131.94172376794273
cat_180d_amount_Fuel,131.94172376794273
30d_fuel_amount,131.91498995310397
180d_fuel_litres,131.76759654899752
365d_active_days,129.2184937936334
90d_line_sequence_max,127.52134684265685
month_2_amount,127.41644692900826
90d_fuel_baskets,127.21098641681016
cat_90d_baskets_Fuel,127.21098641681016
month_0_baskets,126.48856319547895
30d_baskets,124.68820486722676
30d_qualifying_baskets,124.54350942961003
180d_baskets,121.14513564556594
180d_qualifying_baskets,121.10010617560684
365d_nonfuel_baskets,120.15677402052157
30d_nonfuel_baskets,119.21026116874948
all_active_days,117.39985262882392
all_nonfuel_baskets,114.54086424068653
30d_basket_total_std,113.10094003048918
90d_basket_total_mean,110.79293695561432
month_2_baskets,108.72016687863618
365d_lines,108.67834251917974
cat_recent_presence_Food_and_beverage,108.04106249831877
365d_qualifying_lines,107.15625790356052
90d_basket_total_std,106.00775410820253
180d_locations,105.52231739669392
180d_mean_hour,105.47711538866777
30d_fuel_baskets,104.91331810313368
30d_top_location_share,103.59472510184861
cat_90d_baskets_Beverages,103.32339561273999
all_lines,102.62919054220536
cat_180d_baskets_Beverages,102.45540053676241
180d_fuel_baskets,101.5891078672402
cat_180d_baskets_Fuel,101.5891078672402
365d_line_types,101.37266608144252
all_qualifying_lines,101.08676311767222
180d_nonfuel_quantity,100.2271305350293
180d_nonfuel_amount,99.9203438198156
365d_basket_total_sum,98.48316937031599
365d_quantity,98.08942571170337
365d_amount,97.94938046448702
365d_scoped_quantity,97.76904741190708
365d_scoped_amount,97.64454445947011
365d_fuel_amount,94.29727316863438
365d_fuel_litres,94.11824664502772
90d_basket_total_median,92.46650174903122
all_line_types,92.3184250445435
90d_nonfuel_quantity,92.28934497827389
90d_nonfuel_amount,91.76419039637575
all_quantity,91.29414356474126
all_basket_total_sum,91.22770931690462
180d_line_sequence_max,90.9904278095942
all_scoped_quantity,90.98301993673249
all_amount,90.72058432030767
cat_180d_amount_Beverages,90.7163954060533
all_scoped_amount,90.44035149239456
cat_historical_presence_Snacking,89.64122558863319
365d_nonfuel_amount,88.38355986637515
cat_90d_amount_Beverages,88.24800980178058
all_fuel_litres,87.57284701807122
all_fuel_amount,87.33790188716443
cat_all_amount_Fuel,87.33790188716443
365d_nonfuel_quantity,85.89986139339636
all_nonfuel_amount,85.43007767841539
cat_historical_presence_Confectionary,84.08698345617552
365d_baskets,83.03990484625228
all_nonfuel_quantity,83.00970224095595
365d_qualifying_baskets,82.99178818123562
cat_all_baskets_Beverages,82.56446996804405
month_0_nonfuel_amount,81.82190432154725
30d_nonfuel_amount,80.15039813528149
30d_nonfuel_quantity,80.08855498929069
cat_recent_presence_Confectionary,77.486734477587
all_baskets,77.39458261675746
all_qualifying_baskets,77.32980019971983
cat_recent_presence_Snacking,76.72199679814997
cat_180d_baskets_Snacking,75.87066938910247
cat_all_amount_Beverages,75.66308515934548
month_3_amount,74.82073768229725
cat_prev90d_amount_Fuel,74.79276966790685
180d_basket_total_max,73.44950409415381
180d_mean_dayofweek,70.30959918506218
180d_modifier_amount,68.17701583637282
cat_all_baskets_Snacking,67.98985980386382
365d_fuel_baskets,67.95346187631563
month_3_baskets,67.89974042506194
cat_historical_presence_Breads_and_rolls,67.35131620696744
365d_line_sequence_max,67.11190109843416
month_4_nonfuel_amount,66.94904567303712
30d_weekend_share,66.73283406432012
all_line_sequence_max,66.66789239711711
cat_180d_baskets_Food_and_beverage,65.69679711464477
month_1_nonfuel_amount,65.4139901169628
365d_modifier_amount,64.82370922963318
cat_prev90d_amount_Beverages,64.4132538595457
180d_line_sequence_mean,64.04808734121518
all_fuel_baskets,63.20871523008938
cat_all_baskets_Fuel,63.20871523008938
all_modifier_amount,62.71295628528942
month_4_amount,62.66713534583107
cat_180d_amount_Snacking,62.17535174752454
month_3_nonfuel_amount,61.73183283483068
180d_unit_price_mean,60.95063137726894
cat_all_baskets_Food_and_beverage,60.91291301637256
cat_90d_baskets_Snacking,60.7705724406704
month_4_baskets,58.35501609168056
cat_all_amount_Snacking,58.28674224368953
90d_modifier_amount,58.06910306106634
cat_90d_baskets_Food_and_beverage,56.7286243944829
365d_locations,56.71657352288424
month_2_nonfuel_amount,56.07474586541014
cat_180d_baskets_Confectionary,53.192236633079716
cat_historical_presence_Groceries,52.68325713125412
cat_all_amount_Food_and_beverage,52.33406734019704
cat_180d_amount_Food_and_beverage,52.31445334364504
cat_recent_presence_Breads_and_rolls,52.09959850193301
all_locations,51.370529383232984
cat_all_baskets_Breads_and_rolls,48.557830592612554
month_5_amount,47.818814650736115
cat_prev90d_amount_Snacking,46.61777155089283
180d_basket_total_mean,46.60724305976208
cat_all_baskets_Confectionary,46.17318276116024
cat_180d_baskets_Breads_and_rolls,46.030395381661336
cat_90d_amount_Snacking,45.954241167131286
cat_90d_baskets_Confectionary,44.46181052299187
90d_top_location_share,44.039691960768025
180d_basket_total_std,43.872986943444126
cat_90d_amount_Food_and_beverage,43.46120921225971
90d_weekend_share,43.31696011580571
cat_prev90d_amount_Food_and_beverage,43.25062552627627
cat_all_amount_Breads_and_rolls,43.22906878438333
cat_180d_amount_Confectionary,42.73214495246632
month_5_nonfuel_amount,42.18674979724542
180d_basket_total_median,41.67073047445043
90d_recency_days,40.391322977144526
cat_historical_presence_Lubricants,40.27844377876827
cat_all_amount_Confectionary,39.60658935699023
30d_modifier_amount,38.169439177624
month_5_baskets,37.529811723036936
cat_180d_amount_Breads_and_rolls,37.41723422977718
cat_historical_presence_Ice-cream,35.73696478416377
cat_historical_presence_Perishables,34.62129936812817
cat_prev90d_amount_Confectionary,34.46993316814333
cat_90d_baskets_Breads_and_rolls,34.40434443356386
cat_increment90d_Fuel,32.794666214687375
cat_180d_baskets_Lubricants,32.70083955437606
cat_prev90d_amount_Breads_and_rolls,32.4464199839881
cat_recent_presence_Lubricants,31.74982837298665
cat_90d_amount_Confectionary,31.649138553195993
cat_recent_presence_Groceries,31.60160379883151
cat_historical_presence_Tobacco,30.606947142309572
30d_recency_days,29.658645667452745
cat_180d_amount_Lubricants,28.451568200886097
cat_recent_presence_Tobacco,28.29734985960473
cat_all_baskets_Lubricants,28.143745271514735
cat_90d_amount_Breads_and_rolls,27.31086717013364
cat_historical_presence_Braai_and_Ice,27.19534619015244
all_top_location_share,26.975763235084283
365d_basket_total_max,26.035928284351613
cat_90d_baskets_Lubricants,25.315023837361746
365d_top_location_share,24.85501713097627
cat_all_amount_Lubricants,24.016218468257076
cat_180d_baskets_Tobacco,23.336121213905773
cat_recent_presence_Ice-cream,22.99702308248377
all_basket_total_max,22.923347355709517
cat_historical_presence_Coffee,22.81617542272364
cat_prev90d_amount_Lubricants,22.37393522123969
cat_90d_amount_Lubricants,22.260157477647653
history_days,21.84356838164326
cat_all_baskets_Perishables,21.36532514645262
cat_90d_baskets_Tobacco,21.23142580411765
cat_all_baskets_Tobacco,20.326560735015395
asof_month,19.852421804347955
cat_all_baskets_Braai_and_Ice,19.844217229562915
cat_180d_baskets_Ice-cream,19.0096655383564
cat_all_baskets_Ice-cream,18.971666930562463
cat_180d_baskets_Perishables,17.644296764635246
180d_unit_price_std,17.597107494252892
cat_180d_baskets_Groceries,17.53636807989538
180d_weekend_share,17.15989790871108
cat_historical_presence_Fuel,17.141386273308896
90d_unit_price_std,16.73760821259792
cat_recent_presence_NA,16.23616121033723
all_unit_price_std,16.188611239766978
cat_increment90d_Beverages,16.130602303593633
365d_unit_price_std,16.095109442390275
cat_90d_baskets_Ice-cream,16.07890122586506
cat_historical_presence_Seattle,15.989694231809679
cat_90d_baskets_Groceries,15.619465696166305
cat_recent_presence_Perishables,15.536915932803108
cat_all_amount_Braai_and_Ice,15.506088670818992
cat_180d_baskets_Braai_and_Ice,15.338190372683483
cat_recent_presence_Braai_and_Ice,15.287535361408763
180d_top_location_share,14.917361402985927
cat_all_amount_Ice-cream,14.671073190122849
cat_all_baskets_Groceries,14.45596871920938
cat_180d_amount_Ice-cream,14.418119095968054
30d_unit_price_std,14.296953228104408
365d_line_sequence_mean,14.173492714927804
365d_basket_total_median,14.051307511350995
all_line_sequence_mean,13.933747938633353
cat_recent_presence_Coffee,13.125783385384485
365d_basket_total_std,13.022215213873494
365d_basket_total_mean,12.82512977626647
all_basket_total_median,12.322504610806941
cat_90d_baskets_Perishables,12.171564404450741
cat_prev90d_amount_Unknown,11.943586074858226
cat_90d_amount_Tobacco,11.911172352860053
cat_90d_baskets_Coffee,11.796290799393212
cat_historical_presence_NA,11.714244878855904
cat_prev90d_amount_Ice-cream,11.433353622317448
all_basket_total_std,11.306574990964018
cat_90d_amount_Ice-cream,11.077829675400727
cat_180d_amount_Braai_and_Ice,10.993823054517026
all_basket_total_mean,10.855855923936442
cat_180d_amount_Tobacco,10.853893058889629
cat_recent_presence_Seattle,10.808837267903696
cat_90d_baskets_Braai_and_Ice,10.456228025850205
cat_90d_amount_Coffee,10.454534794630653
cat_180d_baskets_NA,10.409459113669573
cat_180d_amount_Groceries,10.344333982553703
cat_all_baskets_Seattle,10.104179974638187
cat_90d_baskets_NA,9.982670565424849
cat_180d_baskets_Coffee,9.31403300221421
cat_all_amount_Tobacco,8.980043815110088
cat_90d_amount_Groceries,8.888003451613427
cat_historical_presence_Krispy_Kreme,8.770726092247786
cat_all_amount_Seattle,8.756737803371736
cat_all_amount_Groceries,8.658571504267648
cat_historical_presence_General_merchandise,8.561015296987714
cat_180d_baskets_General_merchandise,8.407446805552508
cat_180d_baskets_Unknown,8.374188498412774
cat_180d_baskets_Seattle,8.316777701020143
cat_180d_amount_Coffee,8.149371196869462
cat_recent_presence_Unknown,8.109436405165784
cat_all_baskets_Unknown,8.033856910135803
cat_all_baskets_General_merchandise,7.949095318999607
cat_180d_amount_Unknown,7.922156441645799
cat_all_amount_Unknown,7.835282429641904
cat_all_baskets_Krispy_Kreme,7.827380292603797
cat_increment90d_Food_and_beverage,7.774854555700573
cat_prev90d_amount_Groceries,7.616538719144576
cat_prev90d_amount_Tobacco,7.556498183489882
cat_90d_amount_Braai_and_Ice,7.130555407961413
cat_historical_presence_Unknown,7.123776092441027
cat_90d_baskets_Seattle,7.080554599920961
cat_all_baskets_Coffee,6.975171572081984
cat_180d_amount_Seattle,6.864158167194441
cat_increment90d_Snacking,6.825443444383661
cat_90d_baskets_General_merchandise,6.6597477347785325
cat_90d_amount_Krispy_Kreme,6.526436405787823
cat_all_baskets_NA,6.521524980225642
cat_recent_presence_General_merchandise,6.444665121982852
cat_all_amount_Coffee,6.247607242841422
cat_all_amount_Krispy_Kreme,6.055013750530427
cat_prev90d_amount_Braai_and_Ice,6.003702757362324
cat_90d_amount_Seattle,5.889507291146589
365d_mean_dayofweek,5.88563282764159
cat_increment90d_Unknown,5.86699513483783
cat_recent_presence_Automotive_Products,5.7942971950637
cat_increment90d_Lubricants,5.7822332709307105
cat_all_amount_Car_Wash,5.758476232898839
cat_historical_presence_Automotive_Products,5.50439517870774
cat_prev90d_amount_Seattle,5.484342732255722
cat_historical_presence_Car_Wash,5.4688706755232035
cat_180d_baskets_Krispy_Kreme,5.346445052545751
cat_180d_amount_Krispy_Kreme,5.285371229812379
cat_prev90d_amount_Coffee,5.2468306769889
cat_90d_baskets_Krispy_Kreme,5.21397511081986
cat_90d_baskets_Automotive_Products,5.138137811352502
cat_all_baskets_Car_Wash,5.126369898403218
cat_90d_amount_Miscellaneous,5.116030070439909
cat_all_baskets_Promotional_items,4.832735057763482
cat_90d_amount_Perishables,4.82781795490944
cat_180d_baskets_Automotive_Products,4.78152664020987
cat_historical_presence_Gas,4.757620755399592
cat_all_amount_Promotional_items,4.754978604156676
cat_180d_amount_Car_Wash,4.65196542795374
cat_increment90d_Tobacco,4.575297898643634
cat_90d_baskets_Unknown,4.490357763523659
cat_180d_amount_General_merchandise,4.471938029722916
cat_recent_presence_Krispy_Kreme,4.355121738726401
cat_180d_baskets_Car_Wash,4.303704004362462
cat_prev90d_amount_Car_Wash,4.1917883229579855
365d_weekend_share,4.091067888809526
cat_increment90d_Breads_and_rolls,4.035484177237036
cat_all_amount_General_merchandise,3.946805054862437
cat_180d_amount_Perishables,3.9183586345015278
cat_all_baskets_Automotive_Products,3.894726234467736
all_weekend_share,3.7874143624127594
30d_adjustment_lines,3.700027102153326
cat_historical_presence_Miscellaneous,3.626179689116953
cat_90d_amount_Automotive_Products,3.6243781491077125
cat_recent_presence_Miscellaneous,3.610348633064211
cat_90d_amount_Car_Wash,3.500005124449476
30d_adjustment_amount,3.471473571892081
cat_90d_amount_General_merchandise,3.379255927969366
90d_adjustment_lines,3.378027543980381
cat_90d_baskets_Car_Wash,3.3589540061359493
cat_recent_presence_Car_Wash,3.356194424942234
cat_90d_baskets_Miscellaneous,3.354161955114134
cat_prev90d_amount_General_merchandise,3.3258737356575065
cat_180d_amount_Automotive_Products,3.312166908806357
cat_all_amount_Gas,3.2429456513939776
all_mean_dayofweek,3.2279542610972367
cat_90d_amount_Unknown,3.146717614897916
cat_180d_amount_Miscellaneous,3.1250678188449013
cat_all_amount_Automotive_Products,3.0608393527664677
cat_recent_presence_Gas,3.0555113810261916
cat_increment90d_Confectionary,3.054878173053039
cat_all_baskets_Gas,2.9691039896124307
cat_all_amount_Perishables,2.903170168504368
cat_all_amount_Miscellaneous,2.899708002070426
365d_mean_hour,2.890878505090106
cat_increment90d_Krispy_Kreme,2.8133958795158907
cat_prev90d_amount_Gas,2.676177857238741
all_mean_hour,2.6566363648758116
cat_prev90d_amount_Krispy_Kreme,2.605589267939656
cat_180d_amount_Gas,2.574846715620718
cat_90d_amount_NA,2.5227747338554645
cat_increment90d_Coffee,2.4905221617432014
cat_180d_amount_NA,2.4405597841215205
cat_180d_baskets_Gas,2.4379919186102184
cat_all_amount_NA,2.4072382134380588
cat_increment90d_Seattle,2.372506708459669
cat_180d_baskets_Miscellaneous,2.347306996038051
cat_increment90d_Miscellaneous,2.3389294175016966
365d_unit_price_mean,2.2966505792588716
cat_recent_presence_Frozen_food,2.259336280659296
cat_all_baskets_Miscellaneous,2.2592395312384665
all_unit_price_mean,2.192416672245616
cat_increment90d_Car_Wash,2.1635130691945794
cat_increment90d_NA,2.040164665819339
cat_increment90d_Groceries,2.026993875934094
365d_adjustment_lines,2.0074169978383396
all_adjustment_lines,1.987990545751952
cat_prev90d_amount_Perishables,1.8860062534979714
cat_all_baskets_Frozen_food,1.8143607882741346
cat_prev90d_amount_NA,1.802333677638999
cat_increment90d_Perishables,1.7972002033721601
180d_adjustment_lines,1.7602624578618842
cat_90d_baskets_Frozen_food,1.6837447172162636
cat_180d_baskets_Frozen_food,1.6312661046574215
cat_180d_baskets_Promotional_items,1.5587734242655142
cat_90d_baskets_Gas,1.5226888403904242
cat_increment90d_General_merchandise,1.5014180326070312
cat_historical_presence_Frozen_food,1.4374951245190566
cat_increment90d_Braai_and_Ice,1.396570132452081
cat_historical_presence_Promotional_items,1.3913071995280042
cat_prev90d_amount_Promotional_items,1.3196360662794873
cat_90d_amount_Gas,1.3186182201334147
cat_increment90d_Ice-cream,1.311529406768523
cat_90d_amount_Frozen_food,1.212241139841027
all_adjustment_amount,1.1425713922980891
cat_increment90d_Automotive_Products,1.1032693479789182
365d_adjustment_amount,0.9252389383486062
cat_90d_baskets_Promotional_items,0.9175547957146539
cat_recent_presence_Promotional_items,0.9062736056468491
cat_180d_amount_Promotional_items,0.8979554177962131
cat_prev90d_amount_Miscellaneous,0.8527932483497058
cat_prev90d_amount_Automotive_Products,0.7529226426263524
cat_increment90d_Gas,0.7054872731446525
cat_180d_amount_Frozen_food,0.6585579848575676
cat_increment90d_Frozen_food,0.6535540487287437
cat_increment90d_Promotional_items,0.6415585197107744
cat_all_amount_Frozen_food,0.5613033395138469
cat_prev90d_amount_Frozen_food,0.36931172526463535
cat_90d_amount_Promotional_items,0.287835641430039
180d_adjustment_amount,0.18408248270520883
90d_adjustment_amount,0.10687394543090566
